id,dni,nombre,apellido,telefono,email,direccion_calle,direccion_numero
1,71871716,Nicolas,Peña,912-632-127,nicolas.pena@example.com,Calle de Alberto Aguilera,6624
2,61442565,Adriana,Herrero,993-675-820,adriana.herrero@example.com,Calle de Toledo,458
3,16974298,Miguel,Hidalgo,997-313-058,miguel.hidalgo@example.com,Avenida del Planetario,6140
4,20203162,Rocío,Castro,953-362-848,rocio.castro@example.com,Calle del Arenal,2061
5,98583555,Elisa,Romero,980-741-113,elisa.romero@example.com,Calle del Pez,4484
6,11915268,Eugenia,Gil,975-975-822,eugenia.gil@example.com,Calle de Alberto Aguilera,4283
7,52583722,Gloria,Márquez,938-804-839,gloria.marquez@example.com,Calle de Pedro Bosch,1026
8,65726651,Inmaculada,Velasco,900-994-659,inmaculada.velasco@example.com,Calle del Pez,250
9,46494810,Celia,Peña,909-454-784,celia.pena@example.com,Calle de La Democracia,4268
10,47632657,Fátima,Nieto,923-219-486,fatima.nieto@example.com,Calle de La Democracia,2513
11,90042714,Mario,Aguilar,929-880-273,mario.aguilar@example.com,Avenida de América,2377
12,16577236,Emilia,Martínez,946-293-984,emilia.martinez@example.com,Calle del Prado,4238
13,73064888,Vicenta,Gómez,948-619-690,vicenta.gomez@example.com,Calle de Segovia,6580
14,9494734,Lourdes,Castro,971-517-237,lourdes.castro@example.com,Calle de Téllez,622
15,37247286,Isaac,Rubio,956-524-246,isaac.rubio@example.com,Avenida de América,159
16,16244261,David,Álvarez,903-655-115,david.alvarez@example.com,Paseo de Extremadura,8617
17,10546328,Hugo,Morales,944-989-226,hugo.morales@example.com,Avenida de América,9019
18,35298823,Ernesto,Hidalgo,991-110-650,ernesto.hidalgo@example.com,Calle de Arturo Soria,9282
19,30947836,Gloria,Cano,996-981-745,gloria.cano@example.com,Calle de Segovia,3228
20,29010970,Adolfo,Caballero,979-463-350,adolfo.caballero@example.com,Calle de Téllez,440
21,42889276,Víctor,Vargas,936-148-521,victor.vargas@example.com,Calle de Téllez,4854
22,66991193,Ramon,Giménez,905-127-757,ramon.gimenez@example.com,Calle de Bravo Murillo,3019
23,39111080,Lidia,Castillo,938-722-986,lidia.castillo@example.com,Avenida del Planetario,5614
24,9752231,Nicolas,Román,951-905-624,nicolas.roman@example.com,Calle de Arturo Soria,3811
25,65260038,Claudia,Alonso,988-128-364,claudia.alonso@example.com,Calle del Prado,2820
26,545645222,Jorge,Perez,8946-46565,email@example.com,Calle de Prueba,123
